rotation_speed(Â°/s),steps,waiting_time(s)
7.4901584719954775,180,0.2
7.565572960328151,180,0.198001
7.6426640069238045,180,0.196002
7.7213777874292635,180,0.19400300000000004
7.801737368868667,180,0.19200400000000004
7.883888307849022,180,0.190005
7.967649684302363,180,0.188006
8.053219027557873,180,0.186007
8.140732231505032,180,0.184008
8.230190645120524,180,0.182009
8.321374418024016,180,0.18001000000000003
8.414482854127876,180,0.17801100000000003
8.510468906143052,180,0.176012
8.608274012886971,180,0.174013
8.708047945546362,180,0.172014
8.810489726307898,180,0.170015
8.915023649204175,180,0.16801600000000003
9.022557643733567,180,0.16601700000000003
9.13246676698654,180,0.16401800000000002
9.24499413106843,180,0.162019
9.360635910644467,180,0.16002
9.47888331716137,180,0.158021
9.598572361587019,180,0.156022
9.724708853087002,180,0.15402300000000002
9.852680648781737,180,0.152024
9.981645800718939,180,0.150025
10.118741466954562,180,0.14802600000000002
10.256850815329045,180,0.14602700000000002
10.399562623977015,180,0.144028
10.545492971952694,180,0.14202900000000002
10.695977334119728,180,0.14003000000000002
10.850948128397574,180,0.138031
11.01023962702223,180,0.13603200000000001
11.173270202380262,180,0.134033
11.339234572796645,180,0.132034
11.51748272865516,180,0.130035
11.696872360316046,180,0.128036
11.882718725143995,180,0.126037
12.074354832542744,180,0.12403800000000001
12.27192090432816,180,0.12203900000000001
12.475868356695619,180,0.12004000000000002
12.687306503289383,180,0.11804100000000002
12.905858380450102,180,0.116042
13.132167853343939,180,0.11404300000000002
13.365989371033331,180,0.11204400000000002
13.608676827688999,180,0.110045
13.859794858820129,180,0.10804600000000002
14.121093504958576,180,0.10604700000000002
14.391587117977732,180,0.10404800000000002
14.674590095170139,180,0.10204900000000001
14.96626866822667,180,0.10005000000000001
15.272347435747713,180,0.09805100000000001
15.59042597169068,180,0.09605200000000003
15.92163503843611,180,0.09405300000000001
16.266210874015343,180,0.09205400000000001
16.627091855638753,180,0.09005500000000002
17.004787316394868,180,0.08805600000000001
17.39886148699781,180,0.08605700000000001
17.81386053257759,180,0.08405800000000002
18.246951824623952,180,0.08205900000000002
18.70240727313095,180,0.08006
19.18007431282924,180,0.078061
19.682834862438572,180,0.076062
20.214636587778717,180,0.07406300000000002
20.766576617833394,180,0.072064
21.366142257099845,180,0.07006500000000002
21.995171374122812,180,0.06806600000000002
22.658089423921478,180,0.06606700000000001
23.365007915066478,180,0.06406800000000001
24.11158628342571,180,0.062069000000000006
24.912828621686455,180,0.06007000000000001
25.774244206028943,180,0.058071000000000005
26.692382879446008,180,0.05607200000000001
27.67786487569772,180,0.05407300000000001
28.740959773206004,180,0.05207400000000001
29.88556667590057,180,0.05007500000000001
31.126075168495902,180,0.048076000000000015
32.45239846945589,180,0.04607700000000001
33.82025297252357,180,0.044078000000000006
35.4165789130743,180,0.04207900000000001
37.18494682725824,180,0.040080000000000005
39.144741113260075,180,0.038081000000000004
41.17543725699727,180,0.036082
43.58245699716244,180,0.03408300000000001
46.271786614114696,180,0.03208400000000001
49.21635132000005,180,0.030085000000000004
52.205947187694655,180,0.028086000000000003
56.4605897777978,180,0.026087000000000003
61.1343927558603,180,0.024088000000000005
66.31480385420579,180,0.022089
72.49868306142218,180,0.02009
80.06171000041711,180,0.018091
89.96936462162206,180,0.016092000000000002
101.08844750674999,180,0.014093000000000001
116.80286512340734,180,0.012094000000000002
135.03365308702234,180,0.010095
162.22027808829267,180,0.008096
159.93725299040747,180,0.006097000000000002
141.49131295179322,180,0.004098000000000001
144.58604308998238,180,0.002099
125.52242152901663,180,0.0001
7.883576507504966,170,0.2
7.963611570220397,170,0.198001
8.044637383134235,170,0.196002
8.127721053937421,170,0.19400300000000004
8.212234534396295,170,0.19200400000000004
8.298838510657184,170,0.190005
8.386985178050962,170,0.188006
8.477137071812882,170,0.186007
8.569016424724738,170,0.184008
8.663225414833583,170,0.182009
8.759394234129388,170,0.18001000000000003
8.857787069556826,170,0.17801100000000003
8.958144612785079,170,0.176012
9.061218040329123,170,0.174013
9.166589185010633,170,0.172014
9.274329413386372,170,0.170015
9.383576859516161,170,0.16801600000000003
9.49609148587378,170,0.16601700000000003
9.612463947804455,170,0.16401800000000002
9.731303397738769,170,0.162019
9.853133695304273,170,0.16002
9.97769015919053,170,0.158021
10.10524236024225,170,0.156022
10.236638765502821,170,0.15402300000000002
10.370208085234339,170,0.152024
10.509554304129987,170,0.150025
10.651016341600878,170,0.14802600000000002
10.797007088853642,170,0.14602700000000002
10.946789082508005,170,0.144028
11.100608169278786,170,0.14202900000000002
11.25878972517598,170,0.14003000000000002
11.422027514766004,170,0.138031
11.589690976984317,170,0.13603200000000001
11.762367549054002,170,0.134033
11.94064842588757,170,0.132034
12.123969039109443,170,0.130035
12.312585851279058,170,0.128036
12.508609095379873,170,0.126037
12.709675700095596,170,0.12403800000000001
12.917877637377071,170,0.12203900000000001
13.132601449169451,170,0.12004000000000002
13.355264842747307,170,0.11804100000000002
13.584678257989614,170,0.116042
13.823217075632796,170,0.11404300000000002
14.069627984607685,170,0.11204400000000002
14.324750619288395,170,0.110045
14.58967392659443,170,0.10804600000000002
14.864668549463902,170,0.10604700000000002
15.150237787527148,170,0.10404800000000002
15.446658694010512,170,0.10204900000000001
15.754969149173462,170,0.10005000000000001
16.076434843573264,170,0.09805100000000001
16.411170220122468,170,0.09605200000000003
16.759497403294507,170,0.09405300000000001
17.123083213930855,170,0.09205400000000001
17.50237432226741,170,0.09005500000000002
17.89934356412796,170,0.08805600000000001
18.314695266007007,170,0.08605700000000001
18.7507719243564,170,0.08405800000000002
19.205488713572866,170,0.08205900000000002
19.685065188428126,170,0.08006
20.190615522644954,170,0.078061
20.72059800116419,170,0.076062
21.278497121764442,170,0.07406300000000002
21.867880603193257,170,0.072064
22.491750857980076,170,0.07006500000000002
23.151936145511314,170,0.06806600000000002
23.849965868552346,170,0.06606700000000001
24.594529389474875,170,0.06406800000000001
25.383084873112907,170,0.062069000000000006
26.227708274617175,170,0.06007000000000001
27.13156484452778,170,0.058071000000000005
28.09615370094536,170,0.05607200000000001
29.13223966200246,170,0.05407300000000001
30.24960612735699,170,0.05207400000000001
31.46030627045802,170,0.05007500000000001
32.76447794171086,170,0.048076000000000015
34.18067493615712,170,0.04607700000000001
35.72556967090831,170,0.044078000000000006
37.41876576165204,170,0.04207900000000001
39.176970542379436,170,0.040080000000000005
41.299040390640464,170,0.038081000000000004
43.51341690412367,170,0.036082
46.023543200851414,170,0.03408300000000001
48.71835320936317,170,0.03208400000000001
51.82136265503571,170,0.030085000000000004
55.518088847727626,170,0.028086000000000003
59.45206933693106,170,0.026087000000000003
64.36886389210203,170,0.024088000000000005
69.86858910037822,170,0.022089
76.64272304993503,170,0.02009
84.62890159417992,170,0.018091
94.23335872520987,170,0.016092000000000002
106.72967746484768,170,0.014093000000000001
122.47700633013424,170,0.012094000000000002
142.54625840498574,170,0.010095
68.94543586617206,170,0.008096
140.79298098557,170,0.006097000000000002
143.4930196465381,170,0.004098000000000001
144.96172805822158,170,0.002099
137.62448180253867,170,0.0001
8.399525442827574,160,0.2
8.484637587325613,160,0.198001
8.571027763640972,160,0.196002
8.659012120060684,160,0.19400300000000004
8.74945550923164,160,0.19200400000000004
8.84095819114511,160,0.190005
8.935257157619839,160,0.188006
9.030991705260044,160,0.186007
9.129600482536635,160,0.184008
9.229944991001569,160,0.182009
9.332172499902802,160,0.18001000000000003
9.436926641699856,160,0.17801100000000003
9.544092653250198,160,0.176012
9.653863697488793,160,0.174013
9.765824573674658,160,0.172014
9.88064065002035,160,0.170015
9.998109681286932,160,0.16801600000000003
10.11857820247818,160,0.16601700000000003
10.241904540796783,160,0.16401800000000002
10.368146518399804,160,0.162019
10.497510928272936,160,0.16002
10.630019871272529,160,0.158021
10.766410499258532,160,0.156022
10.906363375672798,160,0.15402300000000002
11.049336071720493,160,0.152024
11.196765850113373,160,0.150025
11.347730396800578,160,0.14802600000000002
11.502886048835256,160,0.14602700000000002
11.661840256749548,160,0.144028
11.826508778495029,160,0.14202900000000002
11.995410538334765,160,0.14003000000000002
12.16883303503234,160,0.138031
12.348074218608831,160,0.13603200000000001
12.531900418109208,160,0.134033
12.721663783104738,160,0.132034
12.916895348458324,160,0.130035
13.118516914347941,160,0.128036
13.326423801737768,160,0.126037
13.541214589142706,160,0.12403800000000001
13.762818379088143,160,0.12203900000000001
13.991809271651862,160,0.12004000000000002
14.228510251858463,160,0.11804100000000002
14.473690584028661,160,0.116042
14.727056029755483,160,0.11404300000000002
14.990142795641406,160,0.11204400000000002
15.261830453612786,160,0.110045
15.544192616036897,160,0.10804600000000002
15.837265399908494,160,0.10604700000000002
16.141216297535045,160,0.10404800000000002
16.457140097609603,160,0.10204900000000001
16.783495012094374,160,0.10005000000000001
17.12727584995918,160,0.09805100000000001
17.48325820483305,160,0.09605200000000003
17.85533599633634,160,0.09405300000000001
18.243322207244635,160,0.09205400000000001
18.6474592686738,160,0.09005500000000002
19.070104856469374,160,0.08805600000000001
19.51358870524831,160,0.08605700000000001
19.97626400334858,160,0.08405800000000002
20.463512998465635,160,0.08205900000000002
20.973575635001378,160,0.08006
21.5113992840197,160,0.078061
22.075839093807488,160,0.076062
22.670342676501797,160,0.07406300000000002
23.30048661577655,160,0.072064
23.964152398268208,160,0.07006500000000002
24.66740433059273,160,0.06806600000000002
25.412811993576394,160,0.06606700000000001
26.20460977362118,160,0.06406800000000001
27.047053132194797,160,0.062069000000000006
27.94726008952962,160,0.06007000000000001
28.908392224787264,160,0.058071000000000005
29.937837722406346,160,0.05607200000000001
31.043198538030914,160,0.05407300000000001
32.1179867289528,160,0.05207400000000001
33.51280968372416,160,0.05007500000000001
34.80406354797549,160,0.048076000000000015
36.3875886739812,160,0.04607700000000001
37.996873638346415,160,0.044078000000000006
39.70662799378161,160,0.04207900000000001
41.691428335097726,160,0.040080000000000005
43.830520698017025,160,0.038081000000000004
46.20045564937582,160,0.036082
0.1520837291149756,160,0.03408300000000001
51.74523635229906,160,0.03208400000000001
55.150819589007114,160,0.030085000000000004
58.87638976969831,160,0.028086000000000003
63.281974235003645,160,0.026087000000000003
68.17523965855045,160,0.024088000000000005
74.14427823993461,160,0.022089
81.17906563942658,160,0.02009
89.47955024913543,160,0.018091
99.93490257102341,160,0.016092000000000002
112.31405222337243,160,0.014093000000000001
128.9870921477502,160,0.012094000000000002
140.40730220749626,160,0.010095
139.14183446472973,160,0.008096
123.57595421268687,160,0.006097000000000002
105.79938052381982,160,0.004098000000000001
119.02812244584041,160,0.002099
113.67205623144434,160,0.0001
8.988060470791215,150,0.2
9.078531455053136,150,0.198001
9.171327063521282,150,0.196002
9.26582997292043,150,0.19400300000000004
9.362287112219864,150,0.19200400000000004
9.460750063589353,150,0.190005
9.561069686204432,150,0.188006
9.664039484379007,150,0.186007
9.768908982629656,150,0.184008
9.876304802110582,150,0.182009
9.985816928411976,150,0.18001000000000003
10.097411136628747,150,0.17801100000000003
10.212384165509219,150,0.176012
10.329161413577479,150,0.174013
10.449778028656874,150,0.172014
10.572455058524486,150,0.170015
10.697920327414522,150,0.16801600000000003
10.826658531537902,150,0.16601700000000003
10.958562165086963,150,0.16401800000000002
11.09426045733414,150,0.162019
11.23289523304778,150,0.16002
11.374885213110602,150,0.158021
11.518997843501536,150,0.156022
11.668976516257692,150,0.15402300000000002
11.821994943003345,150,0.152024
11.980416264468424,150,0.150025
12.141616873658094,150,0.14802600000000002
12.307095623511515,150,0.14602700000000002
12.479378034920305,150,0.144028
12.653356441125313,150,0.14202900000000002
12.834976520815587,150,0.14003000000000002
12.97140931188358,150,0.138031
13.212107950421148,150,0.13603200000000001
13.409236248568813,150,0.134033
13.612277592867402,150,0.132034
13.821453305807784,150,0.130035
14.036696023680774,150,0.128036
14.259601048384978,150,0.126037
14.489489015317698,150,0.12403800000000001
14.726921466364917,150,0.12203900000000001
14.971970685469296,150,0.12004000000000002
15.225539981350146,150,0.11804100000000002
15.487707424084197,150,0.116042
15.75866461571919,150,0.11404300000000002
16.03932093133291,150,0.11204400000000002
16.33040162545117,150,0.110045
16.632364398657895,150,0.10804600000000002
16.94581832496533,150,0.10604700000000002
17.27189371386475,150,0.10404800000000002
17.609109262971224,150,0.10204900000000001
17.958752176372535,150,0.10005000000000001
18.327398560392147,150,0.09805100000000001
18.708643347307127,150,0.09605200000000003
19.106291257404877,150,0.09405300000000001
19.520304978130913,150,0.09205400000000001
19.953234385207068,150,0.09005500000000002
20.405836481703744,150,0.08805600000000001
20.879023569996917,150,0.08605700000000001
21.375569708497334,150,0.08405800000000002
21.896366715653226,150,0.08205900000000002
22.442506058597637,150,0.08006
23.01759890446459,150,0.078061
23.621022321116257,150,0.076062
24.258123979381462,150,0.07406300000000002
24.93074226640501,150,0.072064
25.640998641273224,150,0.07006500000000002
26.39196393553377,150,0.06806600000000002
27.19099601249376,150,0.06606700000000001
28.038725511900665,150,0.06406800000000001
28.925472716542565,150,0.062069000000000006
29.90170256829149,150,0.06007000000000001
30.913699794185295,150,0.058071000000000005
32.001151848037345,150,0.05607200000000001
33.20886107331741,150,0.05407300000000001
34.416294400396396,150,0.05207400000000001
35.65368568942848,150,0.05007500000000001
37.23999954781537,150,0.048076000000000015
38.79869161379485,150,0.04607700000000001
40.47649740475875,150,0.044078000000000006
42.36753544663966,150,0.04207900000000001
44.404984388153565,150,0.040080000000000005
46.815139772763786,150,0.038081000000000004
49.22322705439274,150,0.036082
51.978057282927416,150,0.03408300000000001
55.0869853858292,150,0.03208400000000001
58.77243567164028,150,0.030085000000000004
62.514893153085396,150,0.028086000000000003
67.23421487877577,150,0.026087000000000003
72.75373756805958,150,0.024088000000000005
78.31035718257525,150,0.022089
86.05193543803813,150,0.02009
95.02614103941502,150,0.018091
105.47319703427019,150,0.016092000000000002
119.83537351924971,150,0.014093000000000001
136.33321092226794,150,0.012094000000000002
108.62170538984904,150,0.010095
164.07192447934116,150,0.008096
124.92642154762343,150,0.006097000000000002
143.25933479855055,150,0.004098000000000001
142.76958012078018,150,0.002099
82.30955011549273,150,0.0001
9.561761881375235,140,0.2
9.657759378593193,140,0.198001
9.7564064054406,140,0.196002
9.8570414624981,140,0.19400300000000004
9.959394033378226,140,0.19200400000000004
10.064469002340129,140,0.190005
8.15378988119704,140,0.188006
10.280446778057609,140,0.186007
10.392247350544617,140,0.184008
10.506005091992765,140,0.182009
10.621746908111975,140,0.18001000000000003
10.741579560921888,140,0.17801100000000003
10.863433509132134,140,0.176012
10.987749095666755,140,0.174013
11.11633438775246,140,0.172014
11.246564594153927,140,0.170015
11.380999945709974,140,0.16801600000000003
11.517949367883302,140,0.16601700000000003
11.658257575408632,140,0.16401800000000002
11.802337516730267,140,0.162019
11.948906954209859,140,0.16002
12.100714641638945,140,0.158021
12.255808436689799,140,0.156022
12.413703269330245,140,0.15402300000000002
12.57656893248007,140,0.152024
12.742517726431787,140,0.150025
12.917145287026424,140,0.14802600000000002
13.094173503598768,140,0.14602700000000002
13.275534169095483,140,0.144028
13.462384709486392,140,0.14202900000000002
13.654597892254984,140,0.14003000000000002
13.852490222395241,140,0.138031
14.055484955774302,140,0.13603200000000001
14.264916448497827,140,0.134033
14.48082528237728,140,0.132034
14.702836834466678,140,0.130035
14.933173405638879,140,0.128036
15.168876221470471,140,0.126037
15.41398479997518,140,0.12403800000000001
15.666746455781668,140,0.12203900000000001
15.927653601527195,140,0.12004000000000002
16.196604435166996,140,0.11804100000000002
16.475009820396394,140,0.116042
16.764440397387663,140,0.11404300000000002
17.063493875660694,140,0.11204400000000002
17.3735671611366,140,0.110045
17.693898627179976,140,0.10804600000000002
18.027313277892095,140,0.10604700000000002
18.373894637369837,140,0.10404800000000002
18.734043955218773,140,0.10204900000000001
19.100311811507975,140,0.10005000000000001
19.494890472385386,140,0.09805100000000001
19.901889628164184,140,0.09605200000000003
20.322700510087824,140,0.09405300000000001
20.765806597941282,140,0.09205400000000001
21.22745889455305,140,0.09005500000000002
21.707842323889007,140,0.08805600000000001
22.211250692503302,140,0.08605700000000001
22.740670332902123,140,0.08405800000000002
23.293159406490265,140,0.08205900000000002
23.874709677810337,140,0.08006
24.485882834428693,140,0.078061
25.127972337801296,140,0.076062
25.80575482052557,140,0.07406300000000002
26.521540146750215,140,0.072064
27.277159563182114,140,0.07006500000000002
28.07596205527926,140,0.06806600000000002
28.926091991405695,140,0.06606700000000001
29.82719105821218,140,0.06406800000000001
30.787947346604337,140,0.062069000000000006
31.811107819064,140,0.06007000000000001
32.90616720700358,140,0.058071000000000005
34.07842098254333,140,0.05607200000000001
35.33341085248119,140,0.05407300000000001
36.68842716526854,140,0.05207400000000001
38.15101267956918,140,0.05007500000000001
39.73308006402665,140,0.048076000000000015
41.36063286237066,140,0.04607700000000001
43.24116302386257,140,0.044078000000000006
45.25602998188453,140,0.04207900000000001
47.56902066429865,140,0.040080000000000005
49.892327879984464,140,0.038081000000000004
52.16198256994428,140,0.036082
55.52273281222752,140,0.03408300000000001
58.829275263234614,140,0.03208400000000001
62.3879330540919,140,0.030085000000000004
66.8079544298578,140,0.028086000000000003
71.79482134213495,140,0.026087000000000003
77.3017424153727,140,0.024088000000000005
84.06013186613758,140,0.022089
91.42604665330568,140,0.02009
100.13108421688219,140,0.018091
107.13400634344737,140,0.016092000000000002
126.80723880306242,140,0.014093000000000001
144.44598808165398,140,0.012094000000000002
161.87513305124216,140,0.010095
142.00159373595375,140,0.008096
140.16525948195672,140,0.006097000000000002
158.73540469732086,140,0.004098000000000001
117.51530726645782,140,0.002099
129.39211832251334,140,0.0001
10.330747100892658,130,0.2
10.435068118208681,130,0.198001
10.54163837154765,130,0.196002
10.650097982001943,130,0.19400300000000004
10.761103287959074,130,0.19200400000000004
10.873891293263759,130,0.190005
10.988639455597395,130,0.188006
11.107503640762005,130,0.186007
11.228413547591613,130,0.184008
11.351790246640341,130,0.182009
11.47748159706961,130,0.18001000000000003
11.606632315873258,130,0.17801100000000003
11.73833523274542,130,0.176012
11.87306504028282,130,0.174013
12.011029403202432,130,0.172014
12.152497788120163,130,0.170015
12.296735164142905,130,0.16801600000000003
12.444785771301866,130,0.16601700000000003
12.596062891322712,130,0.16401800000000002
12.75087962931316,130,0.162019
12.910530671701352,130,0.16002
13.074609372872056,130,0.158021
13.240854516168307,130,0.156022
13.41378743590723,130,0.15402300000000002
13.590245278003874,130,0.152024
13.770809283642947,130,0.150025
13.956403643026242,130,0.14802600000000002
14.144714013022812,130,0.14602700000000002
14.342055197611769,130,0.144028
14.543392610867931,130,0.14202900000000002
14.752798410568316,130,0.14003000000000002
14.967114928599054,130,0.138031
15.18700385961512,130,0.13603200000000001
15.413032944108092,130,0.134033
15.646259255616265,130,0.132034
15.886431739071416,130,0.130035
16.134518806967808,130,0.128036
16.39082530969228,130,0.126037
16.654901822904947,130,0.12403800000000001
16.92726772422554,130,0.12203900000000001
17.209034489904937,130,0.12004000000000002
17.500558489732626,130,0.11804100000000002
17.801799434508176,130,0.116042
18.113668162029875,130,0.11404300000000002
18.43658038993178,130,0.11204400000000002
18.77158012724006,130,0.110045
19.11819170986469,130,0.10804600000000002
19.478425981877653,130,0.10604700000000002
19.852399689131452,130,0.10404800000000002
20.2411584423758,130,0.10204900000000001
20.64046921186065,130,0.10005000000000001
21.065720080407363,130,0.09805100000000001
21.504004144549867,130,0.09605200000000003
21.961116819770577,130,0.09405300000000001
22.43710571598996,130,0.09205400000000001
22.935386080696244,130,0.09005500000000002
23.454385263937056,130,0.08805600000000001
23.99828990745937,130,0.08605700000000001
24.570333761816748,130,0.08405800000000002
25.168065380944757,130,0.08205900000000002
25.79605884124187,130,0.08006
26.45661413572716,130,0.078061
27.150864681008734,130,0.076062
27.88351734674626,130,0.07406300000000002
28.653840537142372,130,0.072064
29.470866120135785,130,0.07006500000000002
30.335359400304082,130,0.06806600000000002
31.252635069181338,130,0.06606700000000001
32.228169048524265,130,0.06406800000000001
33.260762992671346,130,0.062069000000000006
34.36287184034505,130,0.06007000000000001
35.550346989072914,130,0.058071000000000005
36.74297536927093,130,0.05607200000000001
38.153128317280704,130,0.05407300000000001
39.54463587263039,130,0.05207400000000001
41.02143083841935,130,0.05007500000000001
42.76599161607755,130,0.048076000000000015
44.44665270779372,130,0.04607700000000001
46.52033826933162,130,0.044078000000000006
48.521188783703124,130,0.04207900000000001
51.131506854986235,130,0.040080000000000005
53.27893744834714,130,0.038081000000000004
56.346173321401984,130,0.036082
59.31105560900418,130,0.03408300000000001
63.25651775171612,130,0.03208400000000001
67.21587337802076,130,0.030085000000000004
71.69308291574087,130,0.028086000000000003
77.09065962989521,130,0.026087000000000003
83.04011848274824,130,0.024088000000000005
90.0376593314673,130,0.022089
98.11192014600178,130,0.02009
108.58943714710355,130,0.018091
120.94688396257986,130,0.016092000000000002
135.3490234778875,130,0.014093000000000001
152.53513146989,130,0.012094000000000002
140.03359698506299,130,0.010095
140.94117090626764,130,0.008096
145.9963098589149,130,0.006097000000000002
140.6804853725906,130,0.004098000000000001
143.7576164931599,130,0.002099
126.28154528611049,130,0.0001
11.234795916981163,120,0.2
11.348052769811938,120,0.198001
11.464100879030793,120,0.196002
11.582088530057069,120,0.19400300000000004
11.701820296256733,120,0.19200400000000004
11.825263836764325,120,0.190005
11.95153511641533,120,0.188006
12.079736030306472,120,0.186007
12.21075263039286,120,0.184008
12.34439385087919,120,0.182009
12.481636417557297,120,0.18001000000000003
12.62228051810948,120,0.17801100000000003
12.765663392921036,120,0.176012
12.912150034782943,120,0.174013
13.06212650231675,120,0.172014
13.214946974395353,120,0.170015
13.372652722245574,120,0.16801600000000003
13.533576074811895,120,0.16601700000000003
13.698738844923463,120,0.16401800000000002
13.867448101024056,120,0.162019
14.040749120131542,120,0.16002
14.218341783557683,120,0.158021
14.400788505382076,120,0.156022
14.587209399172686,120,0.15402300000000002
14.77911328064469,120,0.152024
14.975970947287285,120,0.150025
15.177441606041134,120,0.14802600000000002
15.385798371036598,120,0.14602700000000002
15.599332634654997,120,0.144028
15.818680973448263,120,0.14202900000000002
16.044332041094723,120,0.14003000000000002
16.276816097360076,120,0.138031
16.515295819175243,120,0.13603200000000001
16.76202567865266,120,0.134033
17.015618127963457,120,0.132034
17.276888903898367,120,0.130035
17.546121662292663,120,0.128036
17.824213986910493,120,0.126037
18.11191458155764,120,0.12403800000000001
18.407746677741937,120,0.12203900000000001
18.710610926673855,120,0.12004000000000002
19.030999004317163,120,0.11804100000000002
19.359535720233865,120,0.116042
19.698353880399544,120,0.11404300000000002
20.04918565133301,120,0.11204400000000002
20.414078008327863,120,0.110045
20.79096428148247,120,0.10804600000000002
21.18163714089994,120,0.10604700000000002
21.58962618979731,120,0.10404800000000002
22.010095715671298,120,0.10204900000000001
22.44391677324787,120,0.10005000000000001
22.90166961805445,120,0.09805100000000001
23.385644246147788,120,0.09605200000000003
23.881960642401754,120,0.09405300000000001
24.39924255468554,120,0.09205400000000001
24.941008608471567,120,0.09005500000000002
25.50665662840859,120,0.08805600000000001
26.09945860875129,120,0.08605700000000001
26.71953873970021,120,0.08405800000000002
26.59687065041011,120,0.08205900000000002
28.05219189908712,120,0.08006
28.768027067424963,120,0.078061
29.482625319065843,120,0.076062
30.32145219830119,120,0.07406300000000002
31.163260300306472,120,0.072064
32.019425932403955,120,0.07006500000000002
32.91768203055171,120,0.06806600000000002
33.96866303309275,120,0.06606700000000001
34.90650473735113,120,0.06406800000000001
36.09463538392263,120,0.062069000000000006
37.191750786861846,120,0.06007000000000001
38.527452099220135,120,0.058071000000000005
39.79719548168511,120,0.05607200000000001
41.28594096499356,120,0.05407300000000001
42.867967222999845,120,0.05207400000000001
44.280414166492285,120,0.05007500000000001
46.329883746090594,120,0.048076000000000015
48.4072153464119,120,0.04607700000000001
50.21786697962858,120,0.044078000000000006
52.68441557777377,120,0.04207900000000001
55.2724482842071,120,0.040080000000000005
58.04075796856214,120,0.038081000000000004
61.09225625143219,120,0.036082
64.592589618888,120,0.03408300000000001
67.92833677457973,120,0.03208400000000001
72.61278062077903,120,0.030085000000000004
77.6545154902721,120,0.028086000000000003
83.23710849987289,120,0.026087000000000003
89.89632876687985,120,0.024088000000000005
95.96482272513197,120,0.022089
106.69536730949818,120,0.02009
116.66189041005097,120,0.018091
129.79382102987586,120,0.016092000000000002
144.7699294525437,120,0.014093000000000001
162.32805119357786,120,0.012094000000000002
139.99933520537905,120,0.010095
142.16880516864927,120,0.008096
142.6666551318034,120,0.006097000000000002
123.079728621479,120,0.004098000000000001
111.1435182970119,120,0.002099
112.50109351062892,120,0.0001
12.145861982889956,110,0.2
12.268564220703094,110,0.198001
12.393090732557365,110,0.196002
12.520913984347303,110,0.19400300000000004
12.651462804884416,110,0.19200400000000004
12.784614715094946,110,0.190005
12.92060089425981,110,0.188006
13.059358153646318,110,0.186007
13.201236193063863,110,0.184008
13.346255708995177,110,0.182009
13.493808377495723,110,0.18001000000000003
13.64570693874091,110,0.17801100000000003
13.800558256042406,110,0.176012
13.9593692736537,110,0.174013
14.121414642282033,110,0.172014
14.286973205035983,110,0.170015
14.456866534410791,110,0.16801600000000003
14.631051828799999,110,0.16601700000000003
14.809426086395426,110,0.16401800000000002
14.992366865044257,110,0.162019
15.17935837258966,110,0.16002
15.371399911565671,110,0.158021
15.56790869225604,110,0.156022
15.769881266724123,110,0.15402300000000002
15.977644946953873,110,0.152024
16.19040343157414,110,0.150025
16.40832049695456,110,0.14802600000000002
16.632796743610875,110,0.14602700000000002
16.863694231573458,110,0.144028
17.101231478319097,110,0.14202900000000002
17.344854691220657,110,0.14003000000000002
17.596176520547434,110,0.138031
17.85472604284274,110,0.13603200000000001
18.12077174354242,110,0.134033
18.395357527157184,110,0.132034
18.677904000706747,110,0.130035
18.968817791146325,110,0.128036
19.269958937423965,110,0.126037
19.57973806770077,110,0.12403800000000001
19.90036464972687,110,0.12203900000000001
20.23223357090716,110,0.12004000000000002
20.574548517128104,110,0.11804100000000002
20.928852078888475,110,0.116042
21.294552063589745,110,0.11404300000000002
21.67571314114993,110,0.11204400000000002
22.068814682219983,110,0.110045
22.47613230572435,110,0.10804600000000002
22.900380138689563,110,0.10604700000000002
23.340258250940426,110,0.10404800000000002
23.795713988943394,110,0.10204900000000001
24.26803290029354,110,0.10005000000000001
24.767317723404776,110,0.09805100000000001
25.274282182921286,110,0.09605200000000003
25.81869880429578,110,0.09405300000000001
26.378130691628492,110,0.09205400000000001
26.963779462023624,110,0.09005500000000002
27.575701353080653,110,0.08805600000000001
28.21625613383003,110,0.08605700000000001
28.88684596834668,110,0.08405800000000002
29.589271864648346,110,0.08205900000000002
30.327517838646415,110,0.08006
31.104206064917282,110,0.078061
31.920519229337792,110,0.076062
32.64396457589622,110,0.07406300000000002
33.68828769329647,110,0.072064
34.14652593701353,110,0.07006500000000002
35.66529824537886,110,0.06806600000000002
36.74558756442956,110,0.06606700000000001
37.89192586747671,110,0.06406800000000001
39.11065698249775,110,0.062069000000000006
40.41081701232032,110,0.06007000000000001
41.724643261306376,110,0.058071000000000005
43.241724001757376,110,0.05607200000000001
44.77667476741391,110,0.05407300000000001
46.31641483412532,110,0.05207400000000001
48.32164932183659,110,0.05007500000000001
50.227350390298575,110,0.048076000000000015
52.31683155735468,110,0.04607700000000001
54.61687342280579,110,0.044078000000000006
57.089013123609966,110,0.04207900000000001
59.54149539566542,110,0.040080000000000005
62.92702847428916,110,0.038081000000000004
66.30418402552412,110,0.036082
69.91490249768492,110,0.03408300000000001
74.2452895475115,110,0.03208400000000001
78.79018652591344,110,0.030085000000000004
83.77090557807009,110,0.028086000000000003
89.91017488014529,110,0.026087000000000003
85.04104395433099,110,0.024088000000000005
105.51049275355577,110,0.022089
115.10772493288138,110,0.02009
125.1100778413427,110,0.018091
135.95002263273318,110,0.016092000000000002
154.0587670587176,110,0.014093000000000001
139.2029722544394,110,0.012094000000000002
140.17776546760868,110,0.010095
140.5026416280229,110,0.008096
140.5967085371658,110,0.006097000000000002
156.28203496827723,110,0.004098000000000001
106.64607793824653,110,0.002099
127.49514181355809,110,0.0001
13.41434266894334,100,0.2
13.550008671478604,100,0.198001
13.688398407116486,100,0.196002
13.829125932759831,100,0.19400300000000004
13.973100799738313,100,0.19200400000000004
14.120404288703696,100,0.190005
14.270300990242903,100,0.188006
14.423227903531256,100,0.186007
14.580135709264177,100,0.184008
14.740659035997455,100,0.182009
14.903961181774633,100,0.18001000000000003
15.071453858194241,100,0.17801100000000003
15.24242956052588,100,0.176012
15.41748586639135,100,0.174013
15.596455997132356,100,0.172014
15.779272350032564,100,0.170015
15.967510266740518,100,0.16801600000000003
16.15921839911747,100,0.16601700000000003
16.356371418082137,100,0.16401800000000002
16.55839210422301,100,0.162019
16.76506813504194,100,0.16002
16.977055418397523,100,0.158021
17.194512202083864,100,0.156022
17.417091219707206,100,0.15402300000000002
17.646688128894255,100,0.152024
17.881564559591002,100,0.150025
18.123035636112718,100,0.14802600000000002
18.371018763668772,100,0.14602700000000002
18.62571325602543,100,0.144028
18.887255574989002,100,0.14202900000000002
19.157303791111154,100,0.14003000000000002
19.434002993400693,100,0.138031
19.720247970680486,100,0.13603200000000001
20.013815096257016,100,0.134033
20.317069862793385,100,0.132034
20.628837886987473,100,0.130035
20.95119732014185,100,0.128036
21.28227594891272,100,0.126037
21.625693317550176,100,0.12403800000000001
21.980133273148276,100,0.12203900000000001
22.34488280395667,100,0.12004000000000002
22.723325599542886,100,0.11804100000000002
23.11533618408285,100,0.116042
23.519962965466316,100,0.11404300000000002
23.93911219595235,100,0.11204400000000002
24.374528161184575,100,0.110045
24.825002786989284,100,0.10804600000000002
25.292660151649027,100,0.10604700000000002
25.778666549309953,100,0.10404800000000002
26.282122574180708,100,0.10204900000000001
26.79905608013309,100,0.10005000000000001
27.35334013150657,100,0.09805100000000001
27.921616342001585,100,0.09605200000000003
28.51563556687471,100,0.09405300000000001
29.13390211385688,100,0.09205400000000001
29.7808496120447,100,0.09005500000000002
30.433468831866467,100,0.08805600000000001
31.15956099709972,100,0.08605700000000001
31.903923373775065,100,0.08405800000000002
32.6802241672017,100,0.08205900000000002
33.49531523877004,100,0.08006
34.35320426363726,100,0.078061
35.254037953439635,100,0.076062
36.20450313444348,100,0.07406300000000002
37.19135505002067,100,0.072064
38.26843784576762,100,0.07006500000000002
39.267205207049216,100,0.06806600000000002
40.51960935149074,100,0.06606700000000001
41.78450983677211,100,0.06406800000000001
43.07128630896963,100,0.062069000000000006
44.51962982186017,100,0.06007000000000001
45.903424166384724,100,0.058071000000000005
47.598168355103844,100,0.05607200000000001
49.08095289914207,100,0.05407300000000001
50.95871955665262,100,0.05207400000000001
53.162922004775474,100,0.05007500000000001
55.129183996341894,100,0.048076000000000015
57.58064512754682,100,0.04607700000000001
59.933656678474385,100,0.044078000000000006
62.66793799719861,100,0.04207900000000001
65.70935001799644,100,0.040080000000000005
69.08208913775486,100,0.038081000000000004
72.47067920465891,100,0.036082
76.71076114010229,100,0.03408300000000001
81.27285639362333,100,0.03208400000000001
86.45472901116534,100,0.030085000000000004
92.29413008758368,100,0.028086000000000003
98.10303170840082,100,0.026087000000000003
106.16727918934686,100,0.024088000000000005
114.93451891524788,100,0.022089
123.9948925787332,100,0.02009
136.83374361715056,100,0.018091
139.4168066559213,100,0.016092000000000002
122.74576105646099,100,0.014093000000000001
140.4109990478707,100,0.012094000000000002
139.41684477413858,100,0.010095
140.08094716056166,100,0.008096
140.97833620682164,100,0.006097000000000002
142.86319889617417,100,0.004098000000000001
143.4563497833056,100,0.002099
124.58551342725873,100,0.0001
14.734505263394402,90,0.2
14.882351526234467,90,0.198001
15.03454520151087,90,0.196002
15.189085475901337,90,0.19400300000000004
15.347298751699157,90,0.19200400000000004
15.509506614548235,90,0.190005
15.67376840657755,90,0.188006
15.841960186947265,90,0.186007
16.014105987537008,90,0.184008
16.19019658081282,90,0.182009
16.36983806637064,90,0.18001000000000003
16.553686723240627,90,0.17801100000000003
16.74162364367794,90,0.176012
16.93387511118031,90,0.174013
17.130604078575846,90,0.172014
17.33167693880592,90,0.170015
17.5372264718227,90,0.16801600000000003
17.7489466482837,90,0.16601700000000003
17.96555004273947,90,0.16401800000000002
18.187444146169575,90,0.162019
18.414091651581867,90,0.16002
18.647260449732613,90,0.158021
18.886337024155523,90,0.156022
19.130704067877858,90,0.15402300000000002
19.379819046366006,90,0.152024
19.640635428860296,90,0.150025
19.905668870965513,90,0.14802600000000002
20.17810846409266,90,0.14602700000000002
20.45793599942348,90,0.144028
20.74543615928997,90,0.14202900000000002
21.041643519494986,90,0.14003000000000002
21.34647052179664,90,0.138031
21.660061393039754,90,0.13603200000000001
21.982275757736108,90,0.134033
22.315605028709715,90,0.132034
22.658296817869413,90,0.130035
23.01167929874755,90,0.128036
23.375534620115364,90,0.126037
23.752109738591667,90,0.12403800000000001
24.138586561268784,90,0.12203900000000001
24.544025485189596,90,0.12004000000000002
24.958743093671398,90,0.11804100000000002
25.388865712490432,90,0.116042
25.83298118829953,90,0.11404300000000002
26.294143965228418,90,0.11204400000000002
26.771815813068066,90,0.110045
27.267051706147953,90,0.10804600000000002
27.77956142710896,90,0.10604700000000002
28.313589350957535,90,0.10404800000000002
28.86602939803898,90,0.10204900000000001
29.44413838207717,90,0.10005000000000001
30.042206947454964,90,0.09805100000000001
30.6583418422325,90,0.09605200000000003
31.314418613911005,90,0.09405300000000001
31.994846708066163,90,0.09205400000000001
32.70254014102722,90,0.09005500000000002
33.44784794990965,90,0.08805600000000001
34.22844067046238,90,0.08605700000000001
35.03658367755795,90,0.08405800000000002
35.88488499226494,90,0.08205900000000002
36.786945153542334,90,0.08006
37.732235431715125,90,0.078061
38.7192518826535,90,0.076062
39.76690158734015,90,0.07406300000000002
40.868438831489904,90,0.072064
42.031634245063934,90,0.07006500000000002
43.268936873298,90,0.06806600000000002
44.57749737739438,90,0.06606700000000001
45.959575957250884,90,0.06406800000000001
47.44350147993005,90,0.062069000000000006
49.02072522731523,90,0.06007000000000001
50.57899742503504,90,0.058071000000000005
52.40888315172857,90,0.05607200000000001
54.30422314059996,90,0.05407300000000001
56.20482786369379,90,0.05207400000000001
58.57614041431367,90,0.05007500000000001
60.844025708332886,90,0.048076000000000015
63.3566577994507,90,0.04607700000000001
66.27908257240648,90,0.044078000000000006
69.07933818174702,90,0.04207900000000001
73.01348408034741,90,0.040080000000000005
76.1761213848212,90,0.038081000000000004
79.92820120732836,90,0.036082
84.43924705241939,90,0.03408300000000001
89.37756782497173,90,0.03208400000000001
94.91737730485318,90,0.030085000000000004
101.83414888606974,90,0.028086000000000003
108.06562553113129,90,0.026087000000000003
116.84868407981892,90,0.024088000000000005
125.73027803886814,90,0.022089
136.47803131895589,90,0.02009
120.71356127915196,90,0.018091
137.89809945016495,90,0.016092000000000002
139.23492441861865,90,0.014093000000000001
140.50981225138213,90,0.012094000000000002
145.8705314331376,90,0.010095
142.1960854441489,90,0.008096
142.01453332393945,90,0.006097000000000002
142.712833225883,90,0.004098000000000001
124.57940875580172,90,0.002099
128.7070040247231,90,0.0001
16.644493670518035,80,0.2
16.8121221917381,80,0.198001
16.984156843248233,80,0.196002
17.158598791096683,80,0.19400300000000004
17.33677397421421,80,0.19200400000000004
17.51975359688277,80,0.190005
17.70624374337643,80,0.188006
17.896088000726227,80,0.186007
18.09051182363491,80,0.184008
18.288831074111915,80,0.182009
18.49205449367323,80,0.18001000000000003
18.699743871509334,80,0.17801100000000003
18.91108753544741,80,0.176012
19.129071892791853,80,0.174013
19.351054111663842,80,0.172014
19.57798337283769,80,0.170015
19.811302509940262,80,0.16801600000000003
20.050088514028577,80,0.16601700000000003
20.293776636305505,80,0.16401800000000002
20.543991315008498,80,0.162019
20.800774497331908,80,0.16002
21.063528133758677,80,0.158021
21.334059169228013,80,0.156022
21.61028572495008,80,0.15402300000000002
21.8946637080899,80,0.152024
22.186593218643353,80,0.150025
22.48498310891531,80,0.14802600000000002
22.793636180284814,80,0.14602700000000002
23.109275840895755,80,0.144028
23.434715324180676,80,0.14202900000000002
23.768718145812628,80,0.14003000000000002
24.11339030501177,80,0.138031
24.467471660738873,80,0.13603200000000001
24.832500976710893,80,0.134033
25.208323475828507,80,0.132034
25.595362205913677,80,0.130035
25.99417727916176,80,0.128036
26.406252910555878,80,0.126037
26.83151436711272,80,0.12403800000000001
27.27091704164992,80,0.12203900000000001
27.725048159024766,80,0.12004000000000002
28.19229531285998,80,0.11804100000000002
28.680835337225986,80,0.116042
29.18262516024117,80,0.11404300000000002
29.7037201248003,80,0.11204400000000002
30.24286196622399,80,0.110045
30.80136698848667,80,0.10804600000000002
31.382070594164464,80,0.10604700000000002
31.98395241436089,80,0.10404800000000002
32.60968208914956,80,0.10204900000000001
33.2607953451987,80,0.10005000000000001
33.93867602829497,80,0.09805100000000001
34.64253353588502,80,0.09605200000000003
35.381160338102795,80,0.09405300000000001
36.14672971870056,80,0.09205400000000001
36.949811745245775,80,0.09005500000000002
37.78923589864799,80,0.08805600000000001
38.66625986610703,80,0.08605700000000001
39.585626519972465,80,0.08405800000000002
40.54960337689528,80,0.08205900000000002
41.560896302104936,80,0.08006
42.62325964420956,80,0.078061
43.741230686688674,80,0.076062
44.92253972782826,80,0.07406300000000002
46.16025977869945,80,0.072064
45.45669044786545,80,0.07006500000000002
48.73105584062071,80,0.06806600000000002
50.24416373277666,80,0.06606700000000001
51.67622649583276,80,0.06406800000000001
53.31108717740786,80,0.062069000000000006
54.96582219374045,80,0.06007000000000001
57.01293703929663,80,0.058071000000000005
58.82392624258478,80,0.05607200000000001
60.86374995658851,80,0.05407300000000001
63.10389232997374,80,0.05207400000000001
65.56070055415434,80,0.05007500000000001
68.15609705182555,80,0.048076000000000015
71.002573540741,80,0.04607700000000001
74.09154708667256,80,0.044078000000000006
77.46445011031004,80,0.04207900000000001
81.56013275028073,80,0.040080000000000005
85.03795504716817,80,0.038081000000000004
89.45661089058407,80,0.036082
94.31135943506288,80,0.03408300000000001
100.0207956570277,80,0.03208400000000001
106.0673841860824,80,0.030085000000000004
113.05078185474808,80,0.028086000000000003
120.1538246911895,80,0.026087000000000003
129.49794837515512,80,0.024088000000000005
139.25003999203128,80,0.022089
150.7744913711323,80,0.02009
138.36476571865708,80,0.018091
162.64855284191066,80,0.016092000000000002
138.85893178866328,80,0.014093000000000001
119.12141342390709,80,0.012094000000000002
139.5909137823623,80,0.010095
142.21317957086342,80,0.008096
143.48405246817697,80,0.006097000000000002
143.09273618915654,80,0.004098000000000001
127.0885596208823,80,0.002099
144.70954237506135,80,0.0001
19.122131496583535,70,0.2
19.315350438394958,70,0.198001
19.512257078919713,70,0.196002
19.688033755515384,70,0.19400300000000004
19.918698719433255,70,0.19200400000000004
20.127761199034754,70,0.190005
20.339836678169398,70,0.188006
20.56146872991908,70,0.186007
20.784436342298832,70,0.184008
21.01247850690774,70,0.182009
21.245804702190853,70,0.18001000000000003
21.484164220207596,70,0.17801100000000003
21.727323513289324,70,0.176012
21.97733691840091,70,0.174013
22.233337205483107,70,0.172014
22.49348841908297,70,0.170015
22.762227677284226,70,0.16801600000000003
23.03572318394795,70,0.16601700000000003
23.315955635537435,70,0.16401800000000002
23.603669340413397,70,0.162019
23.89911725020258,70,0.16002
24.20074440688482,70,0.158021
24.50891454565515,70,0.156022
24.827397652228672,70,0.15402300000000002
25.15585368898161,70,0.152024
25.490780197438177,70,0.150025
25.833847676868498,70,0.14802600000000002
26.18200902676631,70,0.14602700000000002
26.545791713690768,70,0.144028
26.923110389998865,70,0.14202900000000002
27.307607519788245,70,0.14003000000000002
27.704097627104975,70,0.138031
28.104008602198608,70,0.13603200000000001
28.528593350404453,70,0.134033
28.95748679308028,70,0.132034
29.403048628536293,70,0.130035
29.861915392608392,70,0.128036
30.335474931014122,70,0.126037
30.82163870878085,70,0.12403800000000001
31.33183574689708,70,0.12203900000000001
31.851319991825786,70,0.12004000000000002
32.393136441184254,70,0.11804100000000002
32.94418999062836,70,0.116042
33.525722667151335,70,0.11404300000000002
34.12248467462012,70,0.11204400000000002
34.74582753475339,70,0.110045
35.381038598393886,70,0.10804600000000002
36.05338501873968,70,0.10604700000000002
36.597793489874256,70,0.10404800000000002
37.46530494214745,70,0.10204900000000001
38.215547335068614,70,0.10005000000000001
38.99294375566268,70,0.09805100000000001
39.76559571355351,70,0.09605200000000003
40.56907374778548,70,0.09405300000000001
41.46717668981048,70,0.09205400000000001
42.408789940591305,70,0.09005500000000002
43.322418222785025,70,0.08805600000000001
44.25484483325123,70,0.08605700000000001
44.37454148125259,70,0.08405800000000002
46.3363090816502,70,0.08205900000000002
47.540425678096646,70,0.08006
48.70366014359101,70,0.078061
50.04725518833145,70,0.076062
51.32396910295007,70,0.07406300000000002
52.459872630297056,70,0.072064
54.17471790757881,70,0.07006500000000002
55.710390170558796,70,0.06806600000000002
57.30520318370339,70,0.06606700000000001
58.966287429542575,70,0.06406800000000001
60.59396197084974,70,0.062069000000000006
62.783946983828805,70,0.06007000000000001
64.8134700019928,70,0.058071000000000005
67.03295386823508,70,0.05607200000000001
69.43501320339757,70,0.05407300000000001
71.94965624992469,70,0.05207400000000001
75.9172851486212,70,0.05007500000000001
77.64748146942856,70,0.048076000000000015
80.5398181670602,70,0.04607700000000001
84.15109682308183,70,0.044078000000000006
88.39969857706512,70,0.04207900000000001
92.15605490692771,70,0.040080000000000005
96.30004752792546,70,0.038081000000000004
101.08034214826526,70,0.036082
106.64660193798561,70,0.03408300000000001
112.77231511537474,70,0.03208400000000001
119.89979630310201,70,0.030085000000000004
127.41767499422437,70,0.028086000000000003
135.34862788268177,70,0.026087000000000003
139.3788066849309,70,0.024088000000000005
154.52824588196583,70,0.022089
160.4001720523534,70,0.02009
140.22415446519494,70,0.018091
140.43850874186688,70,0.016092000000000002
139.63784844876696,70,0.014093000000000001
141.95869954228462,70,0.012094000000000002
140.84767235735265,70,0.010095
142.90909882105828,70,0.008096
143.9270004556521,70,0.006097000000000002
144.40169119506285,70,0.004098000000000001
112.18647924775162,70,0.002099
111.1148262559038,70,0.0001
22.469557445903003,60,0.2
22.69471792522706,60,0.198001
22.927327368642725,60,0.196002
23.16374399969126,60,0.19400300000000004
23.404613461468497,60,0.19200400000000004
23.650693516552003,60,0.190005
23.902892256523053,60,0.188006
24.155460028503516,60,0.186007
24.418000154229514,60,0.184008
24.687136280563813,60,0.182009
24.961589324760965,60,0.18001000000000003
25.243923212156446,60,0.17801100000000003
25.530360945647466,60,0.176012
25.82291744534718,60,0.174013
26.124032111576675,60,0.172014
26.43102400859951,60,0.170015
26.745034701880883,60,0.16801600000000003
27.066018170244412,60,0.16601700000000003
27.3976313680088,60,0.16401800000000002
27.733622234681587,60,0.162019
28.081287150277294,60,0.16002
28.43464237027577,60,0.158021
28.799287201514165,60,0.156022
29.173760028030046,60,0.15402300000000002
29.55673122398366,60,0.152024
29.951755833286448,60,0.150025
30.35400986259453,60,0.14802600000000002
30.770363613041503,60,0.14602700000000002
31.19789115899643,60,0.144028
31.63670233870714,60,0.14202900000000002
32.08769588391648,60,0.14003000000000002
32.5525199984033,60,0.138031
33.03167132580348,60,0.13603200000000001
33.52351263645985,60,0.134033
34.03039224498089,60,0.132034
34.552829461935815,60,0.130035
35.09198213952941,60,0.128036
35.64930117610699,60,0.126037
36.222034056178586,60,0.12403800000000001
36.816165542386265,60,0.12203900000000001
37.42727705407767,60,0.12004000000000002
38.00659713867883,60,0.11804100000000002
38.717724161436074,60,0.116042
39.397109439902415,60,0.11404300000000002
40.09913461326895,60,0.11204400000000002
40.795459292408005,60,0.110045
41.497082499201625,60,0.10804600000000002
42.265243253076946,60,0.10604700000000002
43.13308747232249,60,0.10404800000000002
43.92883581897647,60,0.10204900000000001
44.669227253354066,60,0.10005000000000001
45.57525763562113,60,0.09805100000000001
46.47581716098423,60,0.09605200000000003
47.58284760821974,60,0.09405300000000001
48.53787773420236,60,0.09205400000000001
49.44600153230192,60,0.09005500000000002
50.60340735687568,60,0.08805600000000001
51.96451691648466,60,0.08605700000000001
52.89912424953181,60,0.08405800000000002
54.3197842199926,60,0.08205900000000002
55.587570805201025,60,0.08006
56.91890472503626,60,0.078061
58.35457524432329,60,0.076062
59.88548964159255,60,0.07406300000000002
61.319607331677624,60,0.072064
62.81292960968637,60,0.07006500000000002
64.7650084477732,60,0.06806600000000002
65.99322983154367,60,0.06606700000000001
68.67489471720867,60,0.06406800000000001
70.62676111213031,60,0.062069000000000006
72.59108630604327,60,0.06007000000000001
75.32383597041085,60,0.058071000000000005
77.7871854800317,60,0.05607200000000001
80.57871926257774,60,0.05407300000000001
83.69155430236648,60,0.05207400000000001
86.47236335268555,60,0.05007500000000001
89.85904588752372,60,0.048076000000000015
93.45098929872837,60,0.04607700000000001
94.00754370323881,60,0.044078000000000006
102.43148880541196,60,0.04207900000000001
106.40150075959262,60,0.040080000000000005
111.52898923603674,60,0.038081000000000004
118.0248272908934,60,0.036082
123.14339027965555,60,0.03408300000000001
129.62524645594098,60,0.03208400000000001
136.4128692149392,60,0.030085000000000004
144.82981820086607,60,0.028086000000000003
138.48589354952657,60,0.026087000000000003
138.91238362480973,60,0.024088000000000005
139.1735403376449,60,0.022089
139.95858207235827,60,0.02009
141.22513976204732,60,0.018091
140.30037562151898,60,0.016092000000000002
140.09217299145624,60,0.014093000000000001
140.71843143172066,60,0.012094000000000002
152.00563557178188,60,0.010095
144.38461636137114,60,0.008096
144.13343181276753,60,0.006097000000000002
672.5476600432244,60,0.004098000000000001
125.96313080575047,60,0.002099
126.78181531599849,60,0.0001
26.43159635601073,50,0.2
26.701838534086818,50,0.198001
26.974144294091726,50,0.196002
27.25162263757574,50,0.19400300000000004
27.535720484316386,50,0.19200400000000004
27.825254386197106,50,0.190005
28.12128273112083,50,0.188006
28.423072858328496,50,0.186007
28.730791843559956,50,0.184008
29.045110507176773,50,0.182009
29.367540989657236,50,0.18001000000000003
29.69944144958403,50,0.17801100000000003
30.036596213368913,50,0.176012
30.381383215200458,50,0.174013
30.734387588052805,50,0.172014
31.09559365820687,50,0.170015
31.465583066384482,50,0.16801600000000003
31.843245197425905,50,0.16601700000000003
32.232340307007576,50,0.16401800000000002
32.629704991162704,50,0.162019
33.03741459230901,50,0.16002
33.45470212933613,50,0.158021
33.54703352807945,50,0.156022
34.320834508025065,50,0.15402300000000002
34.7699600359179,50,0.152024
35.23699987283574,50,0.150025
35.7076519552073,50,0.14802600000000002
36.198109363939714,50,0.14602700000000002
36.69943706539794,50,0.144028
37.22025603726867,50,0.14202900000000002
37.75140893690161,50,0.14003000000000002
38.29768548846256,50,0.138031
38.859253144536694,50,0.13603200000000001
39.43711209219725,50,0.134033
40.03639337517826,50,0.132034
40.65136187533279,50,0.130035
41.28421569397937,50,0.128036
41.9314141612069,50,0.126037
42.614234032304104,50,0.12403800000000001
43.3116972011798,50,0.12203900000000001
44.03355352668935,50,0.12004000000000002
44.778279175234005,50,0.11804100000000002
45.55045204635545,50,0.116042
46.34812037318253,50,0.11404300000000002
46.36946937028687,50,0.11204400000000002
48.03297654690972,50,0.110045
48.902791473136595,50,0.10804600000000002
49.83992411787379,50,0.10604700000000002
50.79701345201797,50,0.10404800000000002
51.79195972553628,50,0.10204900000000001
52.80367628769382,50,0.10005000000000001
53.90025280661895,50,0.09805100000000001
55.02097265134595,50,0.09605200000000003
56.07143920519901,50,0.09405300000000001
57.31831354097841,50,0.09205400000000001
58.44924952780703,50,0.09005500000000002
59.75866854124874,50,0.08805600000000001
61.202236995620154,50,0.08605700000000001
62.600862139560284,50,0.08405800000000002
64.14680977580446,50,0.08205900000000002
65.31983851307278,50,0.08006
67.13871617017959,50,0.078061
68.85719903685718,50,0.076062
70.66566055464071,50,0.07406300000000002
72.60420768585917,50,0.072064
73.30848556333835,50,0.07006500000000002
76.49564687178542,50,0.06806600000000002
78.77506282781722,50,0.06606700000000001
80.91097723206231,50,0.06406800000000001
81.95129553101638,50,0.062069000000000006
85.72399914144938,50,0.06007000000000001
88.84504958248979,50,0.058071000000000005
91.82471718086586,50,0.05607200000000001
95.06866938860801,50,0.05407300000000001
98.43616482877898,50,0.05207400000000001
102.03855400915687,50,0.05007500000000001
105.92666374698649,50,0.048076000000000015
110.11312439412433,50,0.04607700000000001
114.63825837385046,50,0.044078000000000006
119.48274359058453,50,0.04207900000000001
125.22126440894479,50,0.040080000000000005
130.1898295010848,50,0.038081000000000004
136.5736286641946,50,0.036082
119.50151718694687,50,0.03408300000000001
116.56185764399403,50,0.03208400000000001
138.05129525040178,50,0.030085000000000004
138.1088577331265,50,0.028086000000000003
140.422249689213,50,0.026087000000000003
138.82253236111717,50,0.024088000000000005
142.26281881792215,50,0.022089
138.3450540544101,50,0.02009
140.34870394938656,50,0.018091
140.91172354218324,50,0.016092000000000002
138.9229730400398,50,0.014093000000000001
124.26344448351885,50,0.012094000000000002
142.82415433147742,50,0.010095
143.39532108858432,50,0.008096
123.49383471643614,50,0.006097000000000002
145.24477127759988,50,0.004098000000000001
126.42467651907656,50,0.002099
143.24670898982467,50,0.0001
33.28675558308405,40,0.2
33.6243309774571,40,0.198001
33.96228579709461,40,0.196002
34.31634905919036,40,0.19400300000000004
34.67248962570072,40,0.19200400000000004
35.03439649604371,40,0.190005
35.41127820787468,40,0.188006
35.79206553712364,40,0.186007
36.180746476385444,40,0.184008
36.57807677227888,40,0.182009
36.9840396235856,40,0.18001000000000003
37.39903262394803,40,0.17801100000000003
37.821936931062446,40,0.176012
38.25790063236445,40,0.174013
38.70203565663784,40,0.172014
39.157069983430254,40,0.170015
39.62168967683528,40,0.16801600000000003
40.09926072980641,40,0.16601700000000003
40.58828604976935,40,0.16401800000000002
41.08841417700015,40,0.162019
41.60156556120895,40,0.16002
42.12829269010314,40,0.158021
42.66660617742897,40,0.156022
43.22097899295893,40,0.15402300000000002
43.78826527722505,40,0.152024
44.37122735072271,40,0.150025
44.970321881044924,40,0.14802600000000002
45.58452349571085,40,0.14602700000000002
46.217648349369796,40,0.144028
46.86782929534879,40,0.14202900000000002
47.53783364449341,40,0.14003000000000002
48.22454256210291,40,0.138031
48.93439513724866,40,0.13603200000000001
49.66386175374967,40,0.134033
50.41285028191668,40,0.132034
51.18943620395194,40,0.130035
51.986981360053974,40,0.128036
52.812514002651284,40,0.126037
53.53866582388954,40,0.12403800000000001
54.32221921280145,40,0.12203900000000001
55.24239570661133,40,0.12004000000000002
56.0978405503721,40,0.11804100000000002
57.27616419664991,40,0.116042
58.1977666554668,40,0.11404300000000002
59.340099052748265,40,0.11204400000000002
60.12512923232647,40,0.110045
61.20436927587518,40,0.10804600000000002
62.54328257923135,40,0.10604700000000002
63.37026271772434,40,0.10404800000000002
64.83017315286733,40,0.10204900000000001
65.74376547543865,40,0.10005000000000001
67.1473291837582,40,0.09805100000000001
68.5884851820526,40,0.09605200000000003
69.76268204460453,40,0.09405300000000001
71.15610633937911,40,0.09205400000000001
72.61618416599698,40,0.09005500000000002
74.43071709448203,40,0.08805600000000001
75.8515938400646,40,0.08605700000000001
77.77358999161292,40,0.08405800000000002
78.85371199972265,40,0.08205900000000002
81.62179843551652,40,0.08006
83.66795958036384,40,0.078061
85.2380327777845,40,0.076062
87.48119408873066,40,0.07406300000000002
89.58839231311647,40,0.072064
92.01700873675273,40,0.07006500000000002
94.63004537534333,40,0.06806600000000002
97.51199430440242,40,0.06606700000000001
99.6453924401502,40,0.06406800000000001
103.25206015680706,40,0.062069000000000006
106.75298906308451,40,0.06007000000000001
109.63055065979691,40,0.058071000000000005
113.1888115028024,40,0.05607200000000001
117.17955368522695,40,0.05407300000000001
120.81945951453717,40,0.05207400000000001
124.4093597394015,40,0.05007500000000001
129.65256528847783,40,0.048076000000000015
134.32710535808746,40,0.04607700000000001
120.61760871501787,40,0.044078000000000006
138.6159785202836,40,0.04207900000000001
148.9759300218873,40,0.040080000000000005
138.12903096435494,40,0.038081000000000004
138.83032241755086,40,0.036082
139.88206439016838,40,0.03408300000000001
140.00955355188663,40,0.03208400000000001
140.61923988438625,40,0.030085000000000004
122.53777221212124,40,0.028086000000000003
140.31316407784564,40,0.026087000000000003
140.70830943259384,40,0.024088000000000005
138.99707204752687,40,0.022089
139.444538793308,40,0.02009
141.42514413162854,40,0.018091
142.71563826301025,40,0.016092000000000002
140.97122985601106,40,0.014093000000000001
125.0172269397847,40,0.012094000000000002
142.03930556169152,40,0.010095
143.49560594252645,40,0.008096
111.39691509352319,40,0.006097000000000002
125.51101172151313,40,0.004098000000000001
144.80331597276725,40,0.002099
128.19403677306482,40,0.0001
42.79854146375007,30,0.2
43.23020350794825,30,0.198001
43.670956348414634,30,0.196002
44.121525319270894,30,0.19400300000000004
44.579186024853136,30,0.19200400000000004
45.049994298748025,30,0.190005
45.52605383661998,30,0.188006
46.01570809544129,30,0.186007
46.51156126444258,30,0.184008
47.021010179592075,30,0.182009
47.54996631096774,30,0.18001000000000003
48.084447599446705,30,0.17801100000000003
48.62932378909586,30,0.176012
49.185820782740244,30,0.174013
49.76007545179952,30,0.172014
50.344955777581,30,0.170015
49.82198527161586,30,0.16801600000000003
51.55729132126116,30,0.16601700000000003
52.18560072725853,30,0.16401800000000002
52.82671828059306,30,0.162019
53.487747722389635,30,0.16002
54.163033330149354,30,0.158021
54.858306446754156,30,0.156022
55.568393123521744,30,0.15402300000000002
56.29597194160969,30,0.152024
57.048956299423146,30,0.150025
57.81548398861873,30,0.14802600000000002
58.60672385363829,30,0.14602700000000002
59.42138130863101,30,0.144028
60.25771699307208,30,0.14202900000000002
61.110577849646475,30,0.14003000000000002
62.002766104603126,30,0.138031
62.91385672105434,30,0.13603200000000001
63.85343077823304,30,0.134033
64.81838291341737,30,0.132034
65.81262765387456,30,0.130035
66.84026737782415,30,0.128036
67.89796597704972,30,0.126037
68.99726658473776,30,0.12403800000000001
70.12300605290724,30,0.12203900000000001
71.28501144922035,30,0.12004000000000002
72.4950901391264,30,0.11804100000000002
73.73638099079442,30,0.116042
75.03530436081945,30,0.11404300000000002
76.37392626438047,30,0.11204400000000002
77.43396494599595,30,0.110045
79.16243470154636,30,0.10804600000000002
80.5334600822617,30,0.10604700000000002
82.2292190343924,30,0.10404800000000002
83.50549084347286,30,0.10204900000000001
85.16920865959537,30,0.10005000000000001
86.57265107620195,30,0.09805100000000001
88.31255959855878,30,0.09605200000000003
90.31444532062558,30,0.09405300000000001
91.4833480561382,30,0.09205400000000001
94.02041024107373,30,0.09005500000000002
95.67854310903256,30,0.08805600000000001
97.69929588996746,30,0.08605700000000001
85.5121676481895,30,0.08405800000000002
102.75046855369604,30,0.08205900000000002
105.34099454041151,30,0.08006
107.63833980669811,30,0.078061
109.67810652945283,30,0.076062
112.71034822335467,30,0.07406300000000002
115.3537498268396,30,0.072064
119.2326067810314,30,0.07006500000000002
119.84604066273359,30,0.06806600000000002
125.39827703227151,30,0.06606700000000001
127.84678532141966,30,0.06406800000000001
131.1638880656007,30,0.062069000000000006
135.8526338855821,30,0.06007000000000001
138.04678835443,30,0.058071000000000005
120.70029506528243,30,0.05607200000000001
137.8400209878279,30,0.05407300000000001
137.23192740771375,30,0.05207400000000001
138.54791999897344,30,0.05007500000000001
120.51147923894014,30,0.048076000000000015
121.33268357614129,30,0.04607700000000001
137.50173835617844,30,0.044078000000000006
137.7450673477991,30,0.04207900000000001
137.72796278088504,30,0.040080000000000005
138.33253571049414,30,0.038081000000000004
138.97437636001385,30,0.036082
138.24329334896447,30,0.03408300000000001
138.11552274206286,30,0.03208400000000001
119.48087566800962,30,0.030085000000000004
141.35193323740876,30,0.028086000000000003
140.16887875130107,30,0.026087000000000003
121.6262133398947,30,0.024088000000000005
140.92748532320297,30,0.022089
140.63115008585027,30,0.02009
141.372774058576,30,0.018091
141.39932946144157,30,0.016092000000000002
140.99427192911014,30,0.014093000000000001
143.13613620262177,30,0.012094000000000002
142.21106714397882,30,0.010095
126.18498204795354,30,0.008096
143.88804830690134,30,0.006097000000000002
125.94904071584867,30,0.004098000000000001
142.7229394577212,30,0.002099
144.57937141143157,30,0.0001
64.196528891115,20,0.2
64.84626959533176,20,0.198001
65.5034600561549,20,0.196002
66.17820051559303,20,0.19400300000000004
66.8679735927406,20,0.19200400000000004
67.57391670015753,20,0.190005
68.2866943095783,20,0.188006
69.02523043930339,20,0.186007
69.77563606235192,20,0.184008
70.54205033488499,20,0.182009
71.32572516722125,20,0.18001000000000003
72.1230580926711,20,0.17801100000000003
72.94445524947696,20,0.176012
73.78083312442051,20,0.174013
74.63599425404516,20,0.172014
75.51503601823472,20,0.170015
76.41205209108587,20,0.16801600000000003
77.11270837624718,20,0.16601700000000003
78.2727722334378,20,0.16401800000000002
79.24166463015955,20,0.162019
79.75780938565485,20,0.16002
81.20456549860056,20,0.158021
82.11465060559452,20,0.156022
82.92689155335499,20,0.15402300000000002
84.44553093941119,20,0.152024
85.03418871127579,20,0.150025
86.12776398738033,20,0.14802600000000002
87.62640840240634,20,0.14602700000000002
88.45321569813066,20,0.144028
89.59620036292166,20,0.14202900000000002
90.10044469655126,20,0.14003000000000002
91.43865947560266,20,0.138031
93.02205138270008,20,0.13603200000000001
94.44562870226373,20,0.134033
95.84948803457671,20,0.132034
97.48323180775172,20,0.130035
98.02678817469003,20,0.128036
99.60787947134479,20,0.126037
101.80251487593773,20,0.12403800000000001
102.6612007562024,20,0.12203900000000001
103.26941839288341,20,0.12004000000000002
106.25354181424201,20,0.11804100000000002
107.90862886488836,20,0.116042
109.23741042743993,20,0.11404300000000002
110.74773678032399,20,0.11204400000000002
113.0746388836868,20,0.110045
115.18698376025559,20,0.10804600000000002
116.04143130885699,20,0.10604700000000002
120.1762133400934,20,0.10404800000000002
119.58726337552216,20,0.10204900000000001
122.67938967892378,20,0.10005000000000001
125.35590264404306,20,0.09805100000000001
128.41896004237208,20,0.09605200000000003
130.8234895319768,20,0.09405300000000001
130.39082616044706,20,0.09205400000000001
134.39807169230684,20,0.09005500000000002
134.88790757553113,20,0.08805600000000001
136.2883086796932,20,0.08605700000000001
118.06285095154004,20,0.08405800000000002
134.2466116401341,20,0.08205900000000002
135.84386808567842,20,0.08006
119.64962123981788,20,0.078061
136.0503854016044,20,0.076062
154.68141683908615,20,0.07406300000000002
135.78038441902558,20,0.072064
135.84998848343042,20,0.07006500000000002
137.9110945463882,20,0.06806600000000002
118.00651105251637,20,0.06606700000000001
138.99928746416924,20,0.06406800000000001
107.70422244890239,20,0.062069000000000006
136.8692790737158,20,0.06007000000000001
139.22443524721638,20,0.058071000000000005
137.06560320937464,20,0.05607200000000001
138.99028272912213,20,0.05407300000000001
109.4061610874933,20,0.05207400000000001
139.8790428770585,20,0.05007500000000001
140.1898802923986,20,0.048076000000000015
140.30518190118246,20,0.04607700000000001
138.95396512646863,20,0.044078000000000006
109.50429663742534,20,0.04207900000000001
138.8962100909751,20,0.040080000000000005
141.51123778554202,20,0.038081000000000004
140.12289587567253,20,0.036082
140.33194808185073,20,0.03408300000000001
139.9266171802866,20,0.03208400000000001
139.74380905676722,20,0.030085000000000004
141.32971911366087,20,0.028086000000000003
142.2727342279239,20,0.026087000000000003
142.0505072479196,20,0.024088000000000005
142.6744967413347,20,0.022089
141.97140903888942,20,0.02009
141.77106678179265,20,0.018091
125.80234921182257,20,0.016092000000000002
144.1499537768758,20,0.014093000000000001
127.05191408758887,20,0.012094000000000002
161.5267447611506,20,0.010095
145.1195079585703,20,0.008096
144.33032639326677,20,0.006097000000000002
144.13895848900975,20,0.004098000000000001
128.29911159928798,20,0.002099
144.4555855279762,20,0.0001
118.14616606656215,10,0.2
119.0769405629138,10,0.198001
120.54808448347026,10,0.196002
123.62416121238412,10,0.19400300000000004
123.75659139981454,10,0.19200400000000004
124.68882621893017,10,0.190005
126.90030188185915,10,0.188006
126.1908179689592,10,0.186007
127.53784619691339,10,0.184008
129.7391136780046,10,0.182009
130.32893350987294,10,0.18001000000000003
132.19253777912544,10,0.17801100000000003
126.52584484000546,10,0.176012
134.40613603078364,10,0.174013
135.38880975308493,10,0.172014
136.1016955559062,10,0.170015
136.77841296338747,10,0.16801600000000003
122.96774638400738,10,0.16601700000000003
140.12972506183604,10,0.16401800000000002
141.66169277378992,10,0.162019
142.97456366782384,10,0.16002
129.45127439396626,10,0.158021
129.83470953749534,10,0.156022
146.08353986062858,10,0.15402300000000002
146.82524675355126,10,0.152024
147.17842704405234,10,0.150025
129.73330073817786,10,0.14802600000000002
130.29886399246698,10,0.14602700000000002
149.763313310827,10,0.144028
149.7166918525908,10,0.14202900000000002
149.6815922029448,10,0.14003000000000002
151.6896762334792,10,0.138031
131.89956203600445,10,0.13603200000000001
152.20216376870124,10,0.134033
151.19476306699167,10,0.132034
152.69114348563366,10,0.130035
153.9461882108312,10,0.128036
153.60854886054238,10,0.126037
151.82229197350674,10,0.12403800000000001
151.64319939012475,10,0.12203900000000001
151.7594444925124,10,0.12004000000000002
133.57219157872078,10,0.11804100000000002
133.76967952454532,10,0.116042
133.2068644667583,10,0.11404300000000002
153.00209776586183,10,0.11204400000000002
132.8595813587358,10,0.110045
132.90880066943032,10,0.10804600000000002
117.77210339279434,10,0.10604700000000002
133.47520828478127,10,0.10404800000000002
154.180894272588,10,0.10204900000000001
134.3450995132478,10,0.10005000000000001
155.3158972968866,10,0.09805100000000001
135.64371914173682,10,0.09605200000000003
135.78403572653593,10,0.09405300000000001
134.88021517386775,10,0.09205400000000001
133.84137427115556,10,0.09005500000000002
134.56924267671099,10,0.08805600000000001
136.48375375077356,10,0.08605700000000001
135.2163149703961,10,0.08405800000000002
135.91949542049954,10,0.08205900000000002
135.8684864125841,10,0.08006
135.9004576441116,10,0.078061
135.05372187206686,10,0.076062
135.91875820490574,10,0.07406300000000002
136.1531537993491,10,0.072064
134.8246979279046,10,0.07006500000000002
136.6231688402373,10,0.06806600000000002
136.476155370624,10,0.06606700000000001
137.83508953653703,10,0.06406800000000001
137.79344408602356,10,0.062069000000000006
138.68666981283027,10,0.06007000000000001
137.36718555409007,10,0.058071000000000005
138.1517813387392,10,0.05607200000000001
135.88609566656382,10,0.05407300000000001
138.13981518868127,10,0.05207400000000001
137.67323244054003,10,0.05007500000000001
138.96476719022948,10,0.048076000000000015
138.69252552847823,10,0.04607700000000001
138.28615438688817,10,0.044078000000000006
122.24121526239976,10,0.04207900000000001
140.76187651881625,10,0.040080000000000005
140.40447382288107,10,0.038081000000000004
138.97930296825348,10,0.036082
140.98633288123116,10,0.03408300000000001
139.96395755470752,10,0.03208400000000001
122.96199980718465,10,0.030085000000000004
122.26609986502808,10,0.028086000000000003
141.72694560373063,10,0.026087000000000003
141.71449729088096,10,0.024088000000000005
141.4938531752936,10,0.022089
126.01917579609844,10,0.02009
125.52791531902454,10,0.018091
142.25429455935293,10,0.016092000000000002
142.6218721190159,10,0.014093000000000001
141.5506068273335,10,0.012094000000000002
143.26337263120072,10,0.010095
126.40382073132338,10,0.008096
145.01306919007283,10,0.006097000000000002
126.22503455962556,10,0.004098000000000001
126.05067941935955,10,0.002099
143.2266632150314,10,0.0001
128.67281558119254,1,0.0001
